time,solar,wind,actual_demand,INTER_EWIC,INTER_GRNLK,INTER_NET_ROI,interconnection,hour,renewableRatio,energyStatus,interconnectionStatus,importDependency,sustainabilityStatus,date
2026-03-08 00:00:00,0.0,1879.0,3726.0,0.0,148.0,148.0,0.0,0,0.5042941492216855,Medium Renewable,Neutral,0.0,Balanced,08-Mar-2026
2026-03-08 01:00:00,0.0,1841.0,3581.0,0.0,115.0,115.0,0.0,1,0.514102206087685,Medium Renewable,Neutral,0.0,Balanced,08-Mar-2026
2026-03-08 02:00:00,0.0,1818.0,3608.0,0.0,100.0,100.0,0.0,2,0.503880266075388,Medium Renewable,Neutral,0.0,Balanced,08-Mar-2026
2026-03-08 03:00:00,0.0,1850.0,3508.0,0.0,52.0,52.0,0.0,3,0.5273660205245154,Medium Renewable,Neutral,0.0,Balanced,08-Mar-2026
2026-03-08 04:00:00,0.0,1833.0,3414.0,0.0,3.0,3.0,0.0,4,0.5369068541300527,Medium Renewable,Neutral,0.0,Balanced,08-Mar-2026
2026-03-08 05:00:00,0.0,1920.0,3422.0,0.0,2.0,2.0,0.0,5,0.5610753945061367,Medium Renewable,Neutral,0.0,Balanced,08-Mar-2026
2026-03-08 06:00:00,0.0,1965.0,3494.0,0.0,64.0,64.0,0.0,6,0.5623926731539782,Medium Renewable,Neutral,0.0,Balanced,08-Mar-2026
2026-03-08 07:00:00,108.0,2105.0,3635.0,0.0,135.0,135.0,0.0,7,0.6088033012379642,High Renewable,Neutral,0.0,Balanced,08-Mar-2026
2026-03-08 08:00:00,373.0,2113.0,3750.0,0.0,-8.0,-8.0,0.0,8,0.6629333333333334,High Renewable,Neutral,0.0,Balanced,08-Mar-2026
2026-03-08 09:00:00,563.0,2165.0,3833.0,0.0,-113.0,-113.0,0.0,9,0.7117140620923559,High Renewable,Neutral,0.0,Balanced,08-Mar-2026
2026-03-08 10:00:00,702.0,2197.0,3874.0,0.0,-237.0,-237.0,0.0,10,0.7483221476510067,High Renewable,Neutral,0.0,Balanced,08-Mar-2026
2026-03-08 11:00:00,761.0,2141.0,3856.0,0.0,-248.0,-248.0,0.0,11,0.7525933609958506,High Renewable,Neutral,0.0,Balanced,08-Mar-2026
2026-03-08 12:00:00,583.0,2262.0,3923.0,0.0,-116.0,-116.0,0.0,12,0.725210298241142,High Renewable,Neutral,0.0,Balanced,08-Mar-2026
2026-03-08 13:00:00,488.0,2295.0,3935.0,0.0,-78.0,-78.0,0.0,13,0.7072426937738246,High Renewable,Neutral,0.0,Balanced,08-Mar-2026
2026-03-08 14:00:00,477.0,2257.0,3953.0,0.0,-7.0,-7.0,0.0,14,0.6916266126992158,High Renewable,Neutral,0.0,Balanced,08-Mar-2026
2026-03-08 15:00:00,247.0,2168.0,4043.0,0.0,-2.0,-2.0,0.0,15,0.5973287162997774,Medium Renewable,Neutral,0.0,Balanced,08-Mar-2026
2026-03-08 16:00:00,143.0,1946.0,4288.0,0.0,-5.0,-5.0,0.0,16,0.48717350746268656,Medium Renewable,Neutral,0.0,Balanced,08-Mar-2026
2026-03-08 17:00:00,31.0,1675.0,4557.0,216.0,223.0,439.0,0.0,17,0.37436910247970157,Medium Renewable,Neutral,0.0,Balanced,08-Mar-2026
2026-03-08 18:00:00,-1.0,1561.0,4788.0,516.0,179.0,695.0,0.0,18,0.3258145363408521,Medium Renewable,Neutral,0.0,Balanced,08-Mar-2026
2026-03-08 19:00:00,0.0,1391.0,4701.0,530.0,350.0,880.0,0.0,19,0.29589449053392897,Low Renewable,Neutral,0.0,Balanced,08-Mar-2026
2026-03-08 20:00:00,0.0,1151.0,4487.0,530.0,414.0,944.0,0.0,20,0.2565188321818587,Low Renewable,Neutral,0.0,Balanced,08-Mar-2026
2026-03-08 21:00:00,0.0,952.0,4200.0,341.0,466.0,807.0,0.0,21,0.22666666666666666,Low Renewable,Neutral,0.0,Balanced,08-Mar-2026
2026-03-08 22:00:00,0.0,788.0,3874.0,418.0,485.0,903.0,0.0,22,0.20340733092410945,Low Renewable,Neutral,0.0,Balanced,08-Mar-2026
2026-03-08 23:00:00,0.0,707.0,3798.0,153.0,419.0,572.0,0.0,23,0.1861506055818852,Low Renewable,Neutral,0.0,Balanced,08-Mar-2026
2026-03-12 00:00:00,0.0,3217.0,3863.0,-200.0,-226.0,-426.0,0.0,0,0.8327724566399172,High Renewable,Neutral,0.0,Balanced,12-Mar-2026
2026-03-12 01:00:00,0.0,3079.0,3708.0,-193.0,-226.0,-419.0,0.0,1,0.8303667745415318,High Renewable,Neutral,0.0,Balanced,12-Mar-2026
2026-03-12 02:00:00,0.0,3134.0,3760.0,-193.0,-226.0,-419.0,0.0,2,0.8335106382978723,High Renewable,Neutral,0.0,Balanced,12-Mar-2026
2026-03-12 03:00:00,0.0,3117.0,3681.0,-193.0,-226.0,-419.0,0.0,3,0.8467807660961695,High Renewable,Neutral,0.0,Balanced,12-Mar-2026
2026-03-12 04:00:00,0.0,3018.0,3627.0,-200.0,-226.0,-426.0,0.0,4,0.8320926385442514,High Renewable,Neutral,0.0,Balanced,12-Mar-2026
2026-03-12 05:00:00,0.0,3098.0,3752.0,-200.0,-226.0,-426.0,0.0,5,0.8256929637526652,High Renewable,Neutral,0.0,Balanced,12-Mar-2026
2026-03-12 06:00:00,0.0,3515.0,4211.0,-97.0,-225.0,-322.0,0.0,6,0.8347185941581572,High Renewable,Neutral,0.0,Balanced,12-Mar-2026
2026-03-12 07:00:00,20.0,3453.0,4766.0,0.0,-3.0,-3.0,0.0,7,0.7287033151489719,High Renewable,Neutral,0.0,Balanced,12-Mar-2026
2026-03-12 08:00:00,39.0,3308.0,4829.0,0.0,223.0,223.0,0.0,8,0.693104162352454,High Renewable,Neutral,0.0,Balanced,12-Mar-2026
2026-03-12 09:00:00,62.0,3194.0,4979.0,0.0,509.0,509.0,0.0,9,0.6539465756175938,High Renewable,Neutral,0.0,Balanced,12-Mar-2026
2026-03-12 10:00:00,89.0,3072.0,4984.0,0.0,521.0,521.0,0.0,10,0.6342295345104334,High Renewable,Neutral,0.0,Balanced,12-Mar-2026
2026-03-12 11:00:00,108.0,2955.0,4955.0,0.0,510.0,510.0,0.0,11,0.6181634712411705,High Renewable,Neutral,0.0,Balanced,12-Mar-2026
2026-03-12 12:00:00,122.0,2980.0,4947.0,1.0,425.0,426.0,0.0,12,0.6270466949666464,High Renewable,Neutral,0.0,Balanced,12-Mar-2026
2026-03-12 13:00:00,125.0,2907.0,4821.0,0.0,374.0,374.0,0.0,13,0.6289151628292885,High Renewable,Neutral,0.0,Balanced,12-Mar-2026
2026-03-12 14:00:00,128.0,3035.0,4881.0,0.0,355.0,355.0,0.0,14,0.6480229461175988,High Renewable,Neutral,0.0,Balanced,12-Mar-2026
2026-03-12 15:00:00,127.0,3007.0,4931.0,0.0,448.0,448.0,0.0,15,0.6355708781180288,High Renewable,Neutral,0.0,Balanced,12-Mar-2026
2026-03-12 16:00:00,49.0,3070.0,5090.0,0.0,521.0,521.0,0.0,16,0.612770137524558,High Renewable,Neutral,0.0,Balanced,12-Mar-2026
2026-03-12 17:00:00,25.0,2938.0,5223.0,0.0,521.0,521.0,0.0,17,0.5672984874593145,Medium Renewable,Neutral,0.0,Balanced,12-Mar-2026
2026-03-12 18:00:00,-1.0,2866.0,5279.0,0.0,520.0,520.0,0.0,18,0.5427164235650691,Medium Renewable,Neutral,0.0,Balanced,12-Mar-2026
2026-03-12 19:00:00,0.0,2963.0,5223.0,165.0,519.0,684.0,0.0,19,0.5672984874593145,Medium Renewable,Neutral,0.0,Balanced,12-Mar-2026
2026-03-12 20:00:00,0.0,2948.0,5010.0,114.0,423.0,537.0,0.0,20,0.5884231536926148,Medium Renewable,Neutral,0.0,Balanced,12-Mar-2026
2026-03-12 21:00:00,0.0,2879.0,4624.0,0.0,442.0,442.0,0.0,21,0.6226211072664359,High Renewable,Neutral,0.0,Balanced,12-Mar-2026
2026-03-12 22:00:00,0.0,2800.0,4277.0,0.0,315.0,315.0,0.0,22,0.6546644844517185,High Renewable,Neutral,0.0,Balanced,12-Mar-2026
2026-03-12 23:00:00,0.0,2720.0,4195.0,0.0,223.0,223.0,0.0,23,0.6483909415971395,High Renewable,Neutral,0.0,Balanced,12-Mar-2026
2026-03-14 00:00:00,0.0,829.0,4041.0,196.0,521.0,717.0,0.0,0,0.20514724078198465,Low Renewable,Neutral,0.0,Balanced,14-Mar-2026
2026-03-14 01:00:00,0.0,766.0,3883.0,205.0,521.0,726.0,0.0,1,0.19727015194437292,Low Renewable,Neutral,0.0,Balanced,14-Mar-2026
2026-03-14 02:00:00,0.0,665.0,3940.0,383.0,521.0,904.0,0.0,2,0.16878172588832488,Low Renewable,Neutral,0.0,Balanced,14-Mar-2026
2026-03-14 03:00:00,0.0,632.0,3819.0,276.0,521.0,797.0,0.0,3,0.16548834773500917,Low Renewable,Neutral,0.0,Balanced,14-Mar-2026
2026-03-14 04:00:00,0.0,544.0,3750.0,277.0,521.0,798.0,0.0,4,0.14506666666666668,Low Renewable,Neutral,0.0,Balanced,14-Mar-2026
2026-03-14 05:00:00,0.0,523.0,3767.0,207.0,520.0,727.0,0.0,5,0.13883727103796123,Low Renewable,Neutral,0.0,Balanced,14-Mar-2026
2026-03-14 06:00:00,1.0,445.0,3935.0,128.0,522.0,650.0,0.0,6,0.1133418043202033,Low Renewable,Neutral,0.0,Balanced,14-Mar-2026
2026-03-14 07:00:00,105.0,415.0,4149.0,325.0,520.0,845.0,0.0,7,0.12533140515786936,Low Renewable,Neutral,0.0,Balanced,14-Mar-2026
2026-03-14 08:00:00,323.0,351.0,4182.0,530.0,520.0,1050.0,0.0,8,0.16116690578670492,Low Renewable,Neutral,0.0,Balanced,14-Mar-2026
2026-03-14 09:00:00,643.0,267.0,4185.0,322.0,520.0,842.0,0.0,9,0.2174432497013142,Low Renewable,Neutral,0.0,Balanced,14-Mar-2026
2026-03-14 10:00:00,811.0,458.0,4073.0,184.0,520.0,704.0,0.0,10,0.311563957770685,Medium Renewable,Neutral,0.0,Balanced,14-Mar-2026
2026-03-14 11:00:00,622.0,697.0,4043.0,136.0,521.0,657.0,0.0,11,0.32624288894385356,Medium Renewable,Neutral,0.0,Balanced,14-Mar-2026
2026-03-14 12:00:00,637.0,999.0,4005.0,0.0,520.0,520.0,0.0,12,0.4084893882646692,Medium Renewable,Neutral,0.0,Balanced,14-Mar-2026
2026-03-14 13:00:00,635.0,1158.0,4002.0,0.0,520.0,520.0,0.0,13,0.44802598700649676,Medium Renewable,Neutral,0.0,Balanced,14-Mar-2026
2026-03-14 14:00:00,481.0,1120.0,3985.0,0.0,520.0,520.0,0.0,14,0.4017565872020075,Medium Renewable,Neutral,0.0,Balanced,14-Mar-2026
2026-03-14 15:00:00,340.0,1093.0,4072.0,177.0,509.0,686.0,0.0,15,0.3519155206286837,Medium Renewable,Neutral,0.0,Balanced,14-Mar-2026
2026-03-14 16:00:00,183.0,969.0,4374.0,432.0,520.0,952.0,0.0,16,0.26337448559670784,Low Renewable,Neutral,0.0,Balanced,14-Mar-2026
2026-03-14 17:00:00,62.0,606.0,4601.0,530.0,521.0,1051.0,0.0,17,0.14518582916757228,Low Renewable,Neutral,0.0,Balanced,14-Mar-2026
2026-03-14 18:00:00,0.0,647.0,4812.0,530.0,521.0,1051.0,0.0,18,0.13445552784704903,Low Renewable,Neutral,0.0,Balanced,14-Mar-2026
2026-03-14 19:00:00,0.0,717.0,4769.0,530.0,521.0,1051.0,0.0,19,0.15034598448312014,Low Renewable,Neutral,0.0,Balanced,14-Mar-2026
2026-03-14 20:00:00,0.0,916.0,4515.0,530.0,521.0,1051.0,0.0,20,0.20287929125138426,Low Renewable,Neutral,0.0,Balanced,14-Mar-2026
2026-03-14 21:00:00,0.0,1292.0,4222.0,520.0,521.0,1041.0,0.0,21,0.30601610611084795,Medium Renewable,Neutral,0.0,Balanced,14-Mar-2026
2026-03-14 22:00:00,0.0,1717.0,3968.0,220.0,373.0,593.0,0.0,22,0.4327116935483871,Medium Renewable,Neutral,0.0,Balanced,14-Mar-2026
2026-03-14 23:00:00,0.0,2041.0,3932.0,0.0,520.0,520.0,0.0,23,0.5190742624618515,Medium Renewable,Neutral,0.0,Balanced,14-Mar-2026
2026-03-15 00:00:00,0.0,2054.0,3741.0,0.0,420.0,420.0,0.0,0,0.5490510558674151,Medium Renewable,Neutral,0.0,Balanced,15-Mar-2026
2026-03-15 01:00:00,0.0,2290.0,3579.0,-74.0,128.0,54.0,0.0,1,0.639843531712769,High Renewable,Neutral,0.0,Balanced,15-Mar-2026
2026-03-15 02:00:00,0.0,2358.0,3580.0,-200.0,-72.0,-272.0,0.0,2,0.658659217877095,High Renewable,Neutral,0.0,Balanced,15-Mar-2026
2026-03-15 03:00:00,0.0,2627.0,3486.0,-200.0,-192.0,-392.0,0.0,3,0.7535857716580608,High Renewable,Neutral,0.0,Balanced,15-Mar-2026
2026-03-15 04:00:00,0.0,2566.0,3405.0,-200.0,-104.0,-304.0,0.0,4,0.7535976505139501,High Renewable,Neutral,0.0,Balanced,15-Mar-2026
2026-03-15 05:00:00,0.0,2616.0,3416.0,-200.0,-155.0,-355.0,0.0,5,0.765807962529274,High Renewable,Neutral,0.0,Balanced,15-Mar-2026
2026-03-15 06:00:00,0.0,2614.0,3459.0,-200.0,-196.0,-396.0,0.0,6,0.7557097427002024,High Renewable,Neutral,0.0,Balanced,15-Mar-2026
2026-03-15 07:00:00,26.0,2930.0,3753.0,-200.0,-196.0,-396.0,0.0,7,0.7876365574207301,High Renewable,Neutral,0.0,Balanced,15-Mar-2026
2026-03-15 08:00:00,128.0,2920.0,3894.0,-200.0,-197.0,-397.0,0.0,8,0.7827426810477658,High Renewable,Neutral,0.0,Balanced,15-Mar-2026
2026-03-15 09:00:00,203.0,3104.0,4093.0,-200.0,-197.0,-397.0,0.0,9,0.8079648179819203,High Renewable,Neutral,0.0,Balanced,15-Mar-2026
2026-03-15 10:00:00,265.0,2819.0,4090.0,-76.0,-75.0,-151.0,0.0,10,0.7540342298288508,High Renewable,Neutral,0.0,Balanced,15-Mar-2026
2026-03-15 11:00:00,293.0,2558.0,3981.0,0.0,-22.0,-22.0,0.0,11,0.7161517206731977,High Renewable,Neutral,0.0,Balanced,15-Mar-2026
2026-03-15 12:00:00,338.0,2675.0,3932.0,0.0,-133.0,-133.0,0.0,12,0.7662767039674466,High Renewable,Neutral,0.0,Balanced,15-Mar-2026
2026-03-15 13:00:00,329.0,2692.0,3847.0,0.0,-230.0,-230.0,0.0,13,0.7852872368079022,High Renewable,Neutral,0.0,Balanced,15-Mar-2026
2026-03-15 14:00:00,331.0,2529.0,3789.0,0.0,-246.0,-246.0,0.0,14,0.754816574294009,High Renewable,Neutral,0.0,Balanced,15-Mar-2026
2026-03-15 15:00:00,252.0,2781.0,3885.0,0.0,-246.0,-246.0,0.0,15,0.7806949806949807,High Renewable,Neutral,0.0,Balanced,15-Mar-2026
2026-03-15 16:00:00,173.0,2993.0,4181.0,0.0,-75.0,-75.0,0.0,16,0.757235111217412,High Renewable,Neutral,0.0,Balanced,15-Mar-2026
2026-03-15 17:00:00,37.0,3012.0,4482.0,8.0,157.0,165.0,0.0,17,0.680276662204373,High Renewable,Neutral,0.0,Balanced,15-Mar-2026
2026-03-15 18:00:00,0.0,2973.0,4657.0,0.0,448.0,448.0,0.0,18,0.6383938157612197,High Renewable,Neutral,0.0,Balanced,15-Mar-2026
2026-03-15 19:00:00,0.0,2843.0,4696.0,0.0,521.0,521.0,0.0,19,0.6054088586030665,High Renewable,Neutral,0.0,Balanced,15-Mar-2026
2026-03-15 20:00:00,0.0,2637.0,4517.0,0.0,521.0,521.0,0.0,20,0.5837945539074607,Medium Renewable,Neutral,0.0,Balanced,15-Mar-2026
2026-03-15 21:00:00,0.0,2661.0,4275.0,0.0,416.0,416.0,0.0,21,0.6224561403508772,High Renewable,Neutral,0.0,Balanced,15-Mar-2026
2026-03-15 22:00:00,0.0,2544.0,3953.0,0.0,299.0,299.0,0.0,22,0.6435618517581584,High Renewable,Neutral,0.0,Balanced,15-Mar-2026
2026-03-15 23:00:00,0.0,2437.0,3874.0,0.0,327.0,327.0,0.0,23,0.6290655653071761,High Renewable,Neutral,0.0,Balanced,15-Mar-2026
2026-03-22 00:00:00,0.0,1108.0,3617.0,0.0,519.0,519.0,0.0,0,0.30633121371302185,Medium Renewable,Neutral,0.0,Balanced,22-Mar-2026
2026-03-22 01:00:00,0.0,1164.0,3493.0,0.0,520.0,520.0,0.0,1,0.33323790438018897,Medium Renewable,Neutral,0.0,Balanced,22-Mar-2026
2026-03-22 02:00:00,0.0,1045.0,3520.0,0.0,521.0,521.0,0.0,2,0.296875,Low Renewable,Neutral,0.0,Balanced,22-Mar-2026
2026-03-22 03:00:00,0.0,1097.0,3423.0,0.0,520.0,520.0,0.0,3,0.3204791118901548,Medium Renewable,Neutral,0.0,Balanced,22-Mar-2026
2026-03-22 04:00:00,0.0,951.0,3354.0,0.0,522.0,522.0,0.0,4,0.28354203935599287,Low Renewable,Neutral,0.0,Balanced,22-Mar-2026
2026-03-22 05:00:00,0.0,845.0,3305.0,16.0,520.0,536.0,0.0,5,0.2556732223903177,Low Renewable,Neutral,0.0,Balanced,22-Mar-2026
2026-03-22 06:00:00,12.0,793.0,3396.0,0.0,520.0,520.0,0.0,6,0.23704358068315665,Low Renewable,Neutral,0.0,Balanced,22-Mar-2026
2026-03-22 07:00:00,68.0,598.0,3621.0,109.0,520.0,629.0,0.0,7,0.18392709196354598,Low Renewable,Neutral,0.0,Balanced,22-Mar-2026
2026-03-22 08:00:00,163.0,371.0,3838.0,49.0,520.0,569.0,0.0,8,0.13913496612819176,Low Renewable,Neutral,0.0,Balanced,22-Mar-2026
2026-03-22 09:00:00,209.0,364.0,4004.0,211.0,520.0,731.0,0.0,9,0.14310689310689312,Low Renewable,Neutral,0.0,Balanced,22-Mar-2026
2026-03-22 10:00:00,356.0,357.0,4034.0,256.0,520.0,776.0,0.0,10,0.17674764501735252,Low Renewable,Neutral,0.0,Balanced,22-Mar-2026
2026-03-22 11:00:00,336.0,414.0,4028.0,396.0,520.0,916.0,0.0,11,0.1861966236345581,Low Renewable,Neutral,0.0,Balanced,22-Mar-2026
2026-03-22 12:00:00,405.0,466.0,4030.0,294.0,483.0,777.0,0.0,12,0.2161290322580645,Low Renewable,Neutral,0.0,Balanced,22-Mar-2026
2026-03-22 13:00:00,411.0,403.0,3936.0,124.0,520.0,644.0,0.0,13,0.2068089430894309,Low Renewable,Neutral,0.0,Balanced,22-Mar-2026
2026-03-22 14:00:00,467.0,522.0,3808.0,0.0,441.0,441.0,0.0,14,0.25971638655462187,Low Renewable,Neutral,0.0,Balanced,22-Mar-2026
2026-03-22 15:00:00,381.0,669.0,3833.0,0.0,520.0,520.0,0.0,15,0.27393686407513695,Low Renewable,Neutral,0.0,Balanced,22-Mar-2026
2026-03-22 16:00:00,356.0,694.0,4023.0,229.0,520.0,749.0,0.0,16,0.2609992542878449,Low Renewable,Neutral,0.0,Balanced,22-Mar-2026
2026-03-22 17:00:00,84.0,768.0,4353.0,529.0,520.0,1049.0,0.0,17,0.19572708476912473,Low Renewable,Neutral,0.0,Balanced,22-Mar-2026
2026-03-22 18:00:00,2.0,783.0,4549.0,530.0,520.0,1050.0,0.0,18,0.17256539898878875,Low Renewable,Neutral,0.0,Balanced,22-Mar-2026
2026-03-22 19:00:00,0.0,696.0,4683.0,530.0,520.0,1050.0,0.0,19,0.14862267777065982,Low Renewable,Neutral,0.0,Balanced,22-Mar-2026
2026-03-22 20:00:00,0.0,654.0,4458.0,530.0,520.0,1050.0,0.0,20,0.14670255720053835,Low Renewable,Neutral,0.0,Balanced,22-Mar-2026
2026-03-22 21:00:00,0.0,615.0,4156.0,530.0,520.0,1050.0,0.0,21,0.14797882579403274,Low Renewable,Neutral,0.0,Balanced,22-Mar-2026
2026-03-22 22:00:00,0.0,391.0,3849.0,530.0,520.0,1050.0,0.0,22,0.1015848272278514,Low Renewable,Neutral,0.0,Balanced,22-Mar-2026
2026-03-22 23:00:00,0.0,221.0,3759.0,444.0,520.0,964.0,0.0,23,0.05879223197658952,Low Renewable,Neutral,0.0,Balanced,22-Mar-2026
2026-03-28 00:00:00,0.0,1742.0,3820.0,1.0,405.0,406.0,0.0,0,0.456020942408377,Medium Renewable,Neutral,0.0,Balanced,28-Mar-2026
2026-03-28 01:00:00,0.0,1854.0,3724.0,0.0,406.0,406.0,0.0,1,0.49785177228786254,Medium Renewable,Neutral,0.0,Balanced,28-Mar-2026
2026-03-28 02:00:00,0.0,2233.0,3824.0,0.0,405.0,405.0,0.0,2,0.5839435146443515,Medium Renewable,Neutral,0.0,Balanced,28-Mar-2026
2026-03-28 03:00:00,1.0,2040.0,3684.0,0.0,463.0,463.0,0.0,3,0.5540173724212812,Medium Renewable,Neutral,0.0,Balanced,28-Mar-2026
2026-03-28 04:00:00,1.0,1957.0,3629.0,0.0,465.0,465.0,0.0,4,0.5395425737117663,Medium Renewable,Neutral,0.0,Balanced,28-Mar-2026
2026-03-28 05:00:00,0.0,1935.0,3630.0,0.0,520.0,520.0,0.0,5,0.5330578512396694,Medium Renewable,Neutral,0.0,Balanced,28-Mar-2026
2026-03-28 06:00:00,40.0,2034.0,3734.0,0.0,458.0,458.0,0.0,6,0.5554365291912159,Medium Renewable,Neutral,0.0,Balanced,28-Mar-2026
2026-03-28 07:00:00,213.0,1985.0,3898.0,0.0,519.0,519.0,0.0,7,0.5638789122626988,Medium Renewable,Neutral,0.0,Balanced,28-Mar-2026
2026-03-28 08:00:00,427.0,1743.0,3970.0,0.0,521.0,521.0,0.0,8,0.5465994962216625,Medium Renewable,Neutral,0.0,Balanced,28-Mar-2026
2026-03-28 09:00:00,572.0,1720.0,3978.0,0.0,521.0,521.0,0.0,9,0.5761689291101055,Medium Renewable,Neutral,0.0,Balanced,28-Mar-2026
2026-03-28 10:00:00,539.0,1725.0,3927.0,0.0,521.0,521.0,0.0,10,0.5765215176979883,Medium Renewable,Neutral,0.0,Balanced,28-Mar-2026
2026-03-28 11:00:00,649.0,1732.0,3834.0,0.0,491.0,491.0,0.0,11,0.6210224308815858,High Renewable,Neutral,0.0,Balanced,28-Mar-2026
2026-03-28 12:00:00,588.0,1689.0,3831.0,0.0,513.0,513.0,0.0,12,0.5943617854346124,Medium Renewable,Neutral,0.0,Balanced,28-Mar-2026
2026-03-28 13:00:00,542.0,1640.0,3766.0,0.0,497.0,497.0,0.0,13,0.5793945831120553,Medium Renewable,Neutral,0.0,Balanced,28-Mar-2026
2026-03-28 14:00:00,601.0,1471.0,3725.0,0.0,405.0,405.0,0.0,14,0.5562416107382551,Medium Renewable,Neutral,0.0,Balanced,28-Mar-2026
2026-03-28 15:00:00,526.0,1470.0,3826.0,0.0,522.0,522.0,0.0,15,0.5216936748562467,Medium Renewable,Neutral,0.0,Balanced,28-Mar-2026
2026-03-28 16:00:00,385.0,1923.0,4064.0,84.0,432.0,516.0,0.0,16,0.5679133858267716,Medium Renewable,Neutral,0.0,Balanced,28-Mar-2026
2026-03-28 17:00:00,133.0,1775.0,4367.0,384.0,447.0,831.0,0.0,17,0.4369132127318525,Medium Renewable,Neutral,0.0,Balanced,28-Mar-2026
2026-03-28 18:00:00,8.0,1287.0,4521.0,450.0,499.0,949.0,0.0,18,0.2864410528644105,Low Renewable,Neutral,0.0,Balanced,28-Mar-2026
2026-03-28 19:00:00,-1.0,1205.0,4649.0,450.0,521.0,971.0,0.0,19,0.2589804258980426,Low Renewable,Neutral,0.0,Balanced,28-Mar-2026
2026-03-28 20:00:00,-1.0,1346.0,4413.0,450.0,521.0,971.0,0.0,20,0.3047813278948561,Medium Renewable,Neutral,0.0,Balanced,28-Mar-2026
2026-03-28 21:00:00,-2.0,1601.0,4195.0,450.0,431.0,881.0,0.0,21,0.3811680572109654,Medium Renewable,Neutral,0.0,Balanced,28-Mar-2026
2026-03-28 22:00:00,-2.0,1678.0,3923.0,385.0,407.0,792.0,0.0,22,0.4272240632169258,Medium Renewable,Neutral,0.0,Balanced,28-Mar-2026
2026-03-28 23:00:00,-2.0,1821.0,3842.0,206.0,521.0,727.0,0.0,23,0.47345132743362833,Medium Renewable,Neutral,0.0,Balanced,28-Mar-2026
2026-03-29 00:00:00,-2.0,1661.0,3690.0,216.0,482.0,698.0,0.0,0,0.44959349593495934,Medium Renewable,Neutral,0.0,Balanced,29-Mar-2026
2026-03-29 01:00:00,,,,,,,,1,,Unknown,Unknown,,Balanced,29-Mar-2026
2026-03-29 02:00:00,-2.0,2024.0,3624.0,0.0,389.0,389.0,0.0,2,0.5579470198675497,Medium Renewable,Neutral,0.0,Balanced,29-Mar-2026
2026-03-29 03:00:00,-2.0,2220.0,3528.0,0.0,82.0,82.0,0.0,3,0.6286848072562359,High Renewable,Neutral,0.0,Balanced,29-Mar-2026
2026-03-29 04:00:00,-2.0,2352.0,3425.0,0.0,-97.0,-97.0,0.0,4,0.6861313868613139,High Renewable,Neutral,0.0,Balanced,29-Mar-2026
2026-03-29 05:00:00,-2.0,2269.0,3363.0,0.0,-96.0,-96.0,0.0,5,0.6741005055010407,High Renewable,Neutral,0.0,Balanced,29-Mar-2026
2026-03-29 06:00:00,-2.0,2454.0,3478.0,0.0,-97.0,-97.0,0.0,6,0.7050028752156412,High Renewable,Neutral,0.0,Balanced,29-Mar-2026
2026-03-29 07:00:00,3.0,2596.0,3609.0,0.0,-97.0,-97.0,0.0,7,0.7201440842338598,High Renewable,Neutral,0.0,Balanced,29-Mar-2026
2026-03-29 08:00:00,44.0,2679.0,3805.0,0.0,-97.0,-97.0,0.0,8,0.7156373193166886,High Renewable,Neutral,0.0,Balanced,29-Mar-2026
2026-03-29 09:00:00,63.0,2990.0,3983.0,-74.0,-97.0,-171.0,0.0,9,0.7665076575445644,High Renewable,Neutral,0.0,Balanced,29-Mar-2026
2026-03-29 10:00:00,62.0,2978.0,4132.0,0.0,27.0,27.0,0.0,10,0.7357212003872217,High Renewable,Neutral,0.0,Balanced,29-Mar-2026
2026-03-29 11:00:00,83.0,2953.0,4198.0,149.0,3.0,152.0,0.0,11,0.7232015245354931,High Renewable,Neutral,0.0,Balanced,29-Mar-2026
2026-03-29 12:00:00,133.0,2645.0,4226.0,226.0,-27.0,199.0,0.0,12,0.657359204921912,High Renewable,Neutral,0.0,Balanced,29-Mar-2026
2026-03-29 13:00:00,161.0,2843.0,4140.0,-12.0,-41.0,-53.0,0.0,13,0.7256038647342995,High Renewable,Neutral,0.0,Balanced,29-Mar-2026
2026-03-29 14:00:00,288.0,2730.0,3948.0,0.0,-97.0,-97.0,0.0,14,0.7644376899696048,High Renewable,Neutral,0.0,Balanced,29-Mar-2026
2026-03-29 15:00:00,461.0,2404.0,3753.0,0.0,-98.0,-98.0,0.0,15,0.7633892885691447,High Renewable,Neutral,0.0,Balanced,29-Mar-2026
2026-03-29 16:00:00,558.0,2455.0,3797.0,-74.0,-97.0,-171.0,0.0,16,0.793521200948117,High Renewable,Neutral,0.0,Balanced,29-Mar-2026
2026-03-29 17:00:00,397.0,2417.0,3960.0,0.0,-13.0,-13.0,0.0,17,0.7106060606060606,High Renewable,Neutral,0.0,Balanced,29-Mar-2026
2026-03-29 18:00:00,172.0,2466.0,4153.0,15.0,222.0,237.0,0.0,18,0.6352034673729834,High Renewable,Neutral,0.0,Balanced,29-Mar-2026
2026-03-29 19:00:00,15.0,2516.0,4296.0,0.0,515.0,515.0,0.0,19,0.5891527001862198,Medium Renewable,Neutral,0.0,Balanced,29-Mar-2026
2026-03-29 20:00:00,-1.0,2454.0,4407.0,167.0,521.0,688.0,0.0,20,0.5566144769684592,Medium Renewable,Neutral,0.0,Balanced,29-Mar-2026
2026-03-29 21:00:00,-2.0,2113.0,4162.0,216.0,520.0,736.0,0.0,21,0.5072080730418068,Medium Renewable,Neutral,0.0,Balanced,29-Mar-2026
2026-03-29 22:00:00,-1.0,2105.0,3878.0,20.0,521.0,541.0,0.0,22,0.5425477050025787,Medium Renewable,Neutral,0.0,Balanced,29-Mar-2026
2026-03-29 23:00:00,-1.0,2024.0,3673.0,149.0,360.0,509.0,0.0,23,0.5507759324802614,Medium Renewable,Neutral,0.0,Balanced,29-Mar-2026
2026-03-30 00:00:00,-2.0,1993.0,3580.0,0.0,520.0,520.0,0.0,0,0.556145251396648,Medium Renewable,Neutral,0.0,Balanced,30-Mar-2026
2026-03-30 01:00:00,-1.0,1962.0,3469.0,0.0,493.0,493.0,0.0,1,0.5652925915249352,Medium Renewable,Neutral,0.0,Balanced,30-Mar-2026
2026-03-30 02:00:00,-1.0,1930.0,3469.0,0.0,521.0,521.0,0.0,2,0.5560680311328913,Medium Renewable,Neutral,0.0,Balanced,30-Mar-2026
2026-03-30 03:00:00,-2.0,1900.0,3427.0,0.0,520.0,520.0,0.0,3,0.5538371753720456,Medium Renewable,Neutral,0.0,Balanced,30-Mar-2026
2026-03-30 04:00:00,-2.0,1848.0,3386.0,0.0,521.0,521.0,0.0,4,0.5451860602480804,Medium Renewable,Neutral,0.0,Balanced,30-Mar-2026
2026-03-30 05:00:00,-2.0,1983.0,3532.0,0.0,521.0,521.0,0.0,5,0.5608720271800679,Medium Renewable,Neutral,0.0,Balanced,30-Mar-2026
2026-03-30 06:00:00,-1.0,2211.0,3917.0,79.0,482.0,561.0,0.0,6,0.5642073015062548,Medium Renewable,Neutral,0.0,Balanced,30-Mar-2026
2026-03-30 07:00:00,23.0,2070.0,4356.0,379.0,520.0,899.0,0.0,7,0.4804866850321396,Medium Renewable,Neutral,0.0,Balanced,30-Mar-2026
2026-03-30 08:00:00,101.0,1832.0,4651.0,530.0,520.0,1050.0,0.0,8,0.41560954633412167,Medium Renewable,Neutral,0.0,Balanced,30-Mar-2026
2026-03-30 09:00:00,251.0,1694.0,4592.0,530.0,520.0,1050.0,0.0,9,0.42356271777003485,Medium Renewable,Neutral,0.0,Balanced,30-Mar-2026
2026-03-30 10:00:00,386.0,1560.0,4492.0,530.0,519.0,1049.0,0.0,10,0.4332146037399822,Medium Renewable,Neutral,0.0,Balanced,30-Mar-2026
2026-03-30 11:00:00,396.0,1633.0,4502.0,530.0,520.0,1050.0,0.0,11,0.45068858285206576,Medium Renewable,Neutral,0.0,Balanced,30-Mar-2026
2026-03-30 12:00:00,327.0,1645.0,4497.0,530.0,520.0,1050.0,0.0,12,0.43851456526573274,Medium Renewable,Neutral,0.0,Balanced,30-Mar-2026
2026-03-30 13:00:00,382.0,1528.0,4392.0,530.0,520.0,1050.0,0.0,13,0.4348816029143898,Medium Renewable,Neutral,0.0,Balanced,30-Mar-2026
2026-03-30 14:00:00,410.0,1468.0,4404.0,530.0,520.0,1050.0,0.0,14,0.4264305177111717,Medium Renewable,Neutral,0.0,Balanced,30-Mar-2026
2026-03-30 15:00:00,277.0,1577.0,4477.0,530.0,520.0,1050.0,0.0,15,0.41411659593477773,Medium Renewable,Neutral,0.0,Balanced,30-Mar-2026
2026-03-30 16:00:00,293.0,1737.0,4669.0,530.0,500.0,1030.0,0.0,16,0.43478260869565216,Medium Renewable,Neutral,0.0,Balanced,30-Mar-2026
2026-03-30 17:00:00,145.0,1509.0,4825.0,514.0,354.0,868.0,0.0,17,0.3427979274611399,Medium Renewable,Neutral,0.0,Balanced,30-Mar-2026
2026-03-30 18:00:00,62.0,1273.0,4770.0,366.0,440.0,806.0,0.0,18,0.279874213836478,Low Renewable,Neutral,0.0,Balanced,30-Mar-2026
2026-03-30 19:00:00,6.0,1298.0,4777.0,433.0,520.0,953.0,0.0,19,0.2729746702951643,Low Renewable,Neutral,0.0,Balanced,30-Mar-2026
2026-03-30 20:00:00,-1.0,1403.0,4830.0,438.0,520.0,958.0,0.0,20,0.2902691511387164,Low Renewable,Neutral,0.0,Balanced,30-Mar-2026
2026-03-30 21:00:00,-2.0,1270.0,4518.0,138.0,520.0,658.0,0.0,21,0.28065515714918104,Low Renewable,Neutral,0.0,Balanced,30-Mar-2026
2026-03-30 22:00:00,-1.0,1070.0,4104.0,95.0,357.0,452.0,0.0,22,0.2604775828460039,Low Renewable,Neutral,0.0,Balanced,30-Mar-2026
2026-03-30 23:00:00,-1.0,999.0,3850.0,258.0,501.0,759.0,0.0,23,0.25922077922077924,Low Renewable,Neutral,0.0,Balanced,30-Mar-2026
2026-03-31 00:00:00,-1.0,880.0,3745.0,194.0,520.0,714.0,0.0,0,0.23471295060080108,Low Renewable,Neutral,0.0,Balanced,31-Mar-2026
2026-03-31 01:00:00,-2.0,958.0,3604.0,23.0,520.0,543.0,0.0,1,0.26526082130965595,Low Renewable,Neutral,0.0,Balanced,31-Mar-2026
2026-03-31 02:00:00,-1.0,1143.0,3641.0,125.0,519.0,644.0,0.0,2,0.3136500961274375,Medium Renewable,Neutral,0.0,Balanced,31-Mar-2026
2026-03-31 03:00:00,-1.0,1206.0,3535.0,176.0,520.0,696.0,0.0,3,0.3408769448373409,Medium Renewable,Neutral,0.0,Balanced,31-Mar-2026
2026-03-31 04:00:00,-1.0,1267.0,3523.0,28.0,520.0,548.0,0.0,4,0.3593528242974737,Medium Renewable,Neutral,0.0,Balanced,31-Mar-2026
2026-03-31 05:00:00,-1.0,1348.0,3624.0,0.0,512.0,512.0,0.0,5,0.3716887417218543,Medium Renewable,Neutral,0.0,Balanced,31-Mar-2026
2026-03-31 06:00:00,-1.0,1343.0,3982.0,229.0,520.0,749.0,0.0,6,0.3370165745856354,Medium Renewable,Neutral,0.0,Balanced,31-Mar-2026
2026-03-31 07:00:00,33.0,1291.0,4364.0,529.0,520.0,1049.0,0.0,7,0.30339138405132904,Medium Renewable,Neutral,0.0,Balanced,31-Mar-2026
2026-03-31 08:00:00,166.0,1265.0,4704.0,530.0,520.0,1050.0,0.0,8,0.3042091836734694,Medium Renewable,Neutral,0.0,Balanced,31-Mar-2026
2026-03-31 09:00:00,330.0,1269.0,4676.0,520.0,520.0,1040.0,0.0,9,0.34195893926432847,Medium Renewable,Neutral,0.0,Balanced,31-Mar-2026
2026-03-31 10:00:00,449.0,1418.0,4534.0,220.0,436.0,656.0,0.0,10,0.4117776797529775,Medium Renewable,Neutral,0.0,Balanced,31-Mar-2026
2026-03-31 11:00:00,494.0,1481.0,4489.0,166.0,409.0,575.0,0.0,11,0.4399643573178882,Medium Renewable,Neutral,0.0,Balanced,31-Mar-2026
2026-03-31 12:00:00,468.0,1561.0,4481.0,466.0,513.0,979.0,0.0,12,0.45280071412631107,Medium Renewable,Neutral,0.0,Balanced,31-Mar-2026
2026-03-31 13:00:00,512.0,1617.0,4419.0,432.0,520.0,952.0,0.0,13,0.48178320887078524,Medium Renewable,Neutral,0.0,Balanced,31-Mar-2026
2026-03-31 14:00:00,475.0,1486.0,4370.0,486.0,491.0,977.0,0.0,14,0.44874141876430207,Medium Renewable,Neutral,0.0,Balanced,31-Mar-2026
2026-03-31 15:00:00,527.0,1549.0,4419.0,405.0,519.0,924.0,0.0,15,0.4697895451459606,Medium Renewable,Neutral,0.0,Balanced,31-Mar-2026
2026-03-31 16:00:00,340.0,1395.0,4584.0,519.0,457.0,976.0,0.0,16,0.3784904013961606,Medium Renewable,Neutral,0.0,Balanced,31-Mar-2026
2026-03-31 17:00:00,167.0,1274.0,4725.0,530.0,498.0,1028.0,0.0,17,0.30497354497354495,Medium Renewable,Neutral,0.0,Balanced,31-Mar-2026
2026-03-31 18:00:00,67.0,1104.0,4738.0,530.0,519.0,1049.0,0.0,18,0.247150696496412,Low Renewable,Neutral,0.0,Balanced,31-Mar-2026
2026-03-31 19:00:00,5.0,1011.0,4728.0,530.0,519.0,1049.0,0.0,19,0.21489001692047377,Low Renewable,Neutral,0.0,Balanced,31-Mar-2026
2026-03-31 20:00:00,-1.0,996.0,4800.0,530.0,519.0,1049.0,0.0,20,0.20729166666666668,Low Renewable,Neutral,0.0,Balanced,31-Mar-2026
2026-03-31 21:00:00,-1.0,1001.0,4503.0,530.0,519.0,1049.0,0.0,21,0.22207417277370642,Low Renewable,Neutral,0.0,Balanced,31-Mar-2026
2026-03-31 22:00:00,-1.0,909.0,4125.0,530.0,406.0,936.0,0.0,22,0.22012121212121213,Low Renewable,Neutral,0.0,Balanced,31-Mar-2026
2026-03-31 23:00:00,0.0,971.0,3885.0,502.0,519.0,1021.0,0.0,23,0.24993564993564993,Low Renewable,Neutral,0.0,Balanced,31-Mar-2026
2026-04-01 00:00:00,-1.0,1111.0,3768.0,250.0,519.0,769.0,0.0,0,0.2945859872611465,Low Renewable,Neutral,0.0,Balanced,01-Apr-2026
2026-04-01 01:00:00,0.0,1093.0,3612.0,74.0,520.0,594.0,0.0,1,0.30260243632336653,Medium Renewable,Neutral,0.0,Balanced,01-Apr-2026
2026-04-01 02:00:00,-1.0,1102.0,3610.0,0.0,519.0,519.0,0.0,2,0.30498614958448755,Medium Renewable,Neutral,0.0,Balanced,01-Apr-2026
2026-04-01 03:00:00,-1.0,1125.0,3530.0,0.0,520.0,520.0,0.0,3,0.31841359773371103,Medium Renewable,Neutral,0.0,Balanced,01-Apr-2026
2026-04-01 04:00:00,-1.0,1387.0,3491.0,0.0,519.0,519.0,0.0,4,0.3970209109137783,Medium Renewable,Neutral,0.0,Balanced,01-Apr-2026
2026-04-01 05:00:00,0.0,1433.0,3563.0,147.0,347.0,494.0,0.0,5,0.40218916643278135,Medium Renewable,Neutral,0.0,Balanced,01-Apr-2026
2026-04-01 06:00:00,-1.0,1595.0,3943.0,0.0,341.0,341.0,0.0,6,0.40426071519147855,Medium Renewable,Neutral,0.0,Balanced,01-Apr-2026
2026-04-01 07:00:00,21.0,1695.0,4383.0,0.0,502.0,502.0,0.0,7,0.3915126625598905,Medium Renewable,Neutral,0.0,Balanced,01-Apr-2026
2026-04-01 08:00:00,97.0,1726.0,4713.0,0.0,519.0,519.0,0.0,8,0.38680246127731804,Medium Renewable,Neutral,0.0,Balanced,01-Apr-2026
2026-04-01 09:00:00,249.0,1804.0,4668.0,0.0,509.0,509.0,0.0,9,0.4398029134532991,Medium Renewable,Neutral,0.0,Balanced,01-Apr-2026
2026-04-01 10:00:00,400.0,2014.0,4506.0,0.0,520.0,520.0,0.0,10,0.5357301375943186,Medium Renewable,Neutral,0.0,Balanced,01-Apr-2026
2026-04-01 11:00:00,535.0,1841.0,4379.0,0.0,520.0,520.0,0.0,11,0.5425896323361498,Medium Renewable,Neutral,0.0,Balanced,01-Apr-2026
2026-04-01 12:00:00,335.0,1987.0,4431.0,153.0,520.0,673.0,0.0,12,0.5240352064996615,Medium Renewable,Neutral,0.0,Balanced,01-Apr-2026
2026-04-01 13:00:00,336.0,2098.0,4269.0,51.0,519.0,570.0,0.0,13,0.5701569454204731,Medium Renewable,Neutral,0.0,Balanced,01-Apr-2026
2026-04-01 14:00:00,364.0,1940.0,4119.0,0.0,519.0,519.0,0.0,14,0.5593590677348871,Medium Renewable,Neutral,0.0,Balanced,01-Apr-2026
2026-04-01 15:00:00,399.0,2157.0,4126.0,14.0,371.0,385.0,0.0,15,0.6194861851672322,High Renewable,Neutral,0.0,Balanced,01-Apr-2026
2026-04-01 16:00:00,421.0,2523.0,4234.0,0.0,64.0,64.0,0.0,16,0.6953235710911667,High Renewable,Neutral,0.0,Balanced,01-Apr-2026
2026-04-01 17:00:00,402.0,2594.0,4393.0,0.0,71.0,71.0,0.0,17,0.6819940814932848,High Renewable,Neutral,0.0,Balanced,01-Apr-2026
2026-04-01 18:00:00,172.0,2285.0,4478.0,25.0,375.0,400.0,0.0,18,0.5486824475212149,Medium Renewable,Neutral,0.0,Balanced,01-Apr-2026
2026-04-01 19:00:00,21.0,1630.0,4554.0,325.0,437.0,762.0,0.0,19,0.36253842775581907,Medium Renewable,Neutral,0.0,Balanced,01-Apr-2026
2026-04-01 20:00:00,0.0,1102.0,4756.0,530.0,519.0,1049.0,0.0,20,0.23170731707317074,Low Renewable,Neutral,0.0,Balanced,01-Apr-2026
2026-04-01 21:00:00,0.0,1034.0,4522.0,530.0,519.0,1049.0,0.0,21,0.22865988500663423,Low Renewable,Neutral,0.0,Balanced,01-Apr-2026
2026-04-01 22:00:00,0.0,804.0,4173.0,530.0,519.0,1049.0,0.0,22,0.19266714593817397,Low Renewable,Neutral,0.0,Balanced,01-Apr-2026
2026-04-01 23:00:00,0.0,654.0,3960.0,530.0,519.0,1049.0,0.0,23,0.16515151515151516,Low Renewable,Neutral,0.0,Balanced,01-Apr-2026
2026-04-02 00:00:00,0.0,523.0,3870.0,530.0,519.0,1049.0,0.0,0,0.13514211886304908,Low Renewable,Neutral,0.0,Balanced,02-Apr-2026
2026-04-02 01:00:00,0.0,384.0,3749.0,530.0,519.0,1049.0,0.0,1,0.10242731395038678,Low Renewable,Neutral,0.0,Balanced,02-Apr-2026
2026-04-02 02:00:00,0.0,325.0,3809.0,530.0,519.0,1049.0,0.0,2,0.08532423208191127,Low Renewable,Neutral,0.0,Balanced,02-Apr-2026
2026-04-02 03:00:00,0.0,248.0,3723.0,530.0,519.0,1049.0,0.0,3,0.0666129465484824,Low Renewable,Neutral,0.0,Balanced,02-Apr-2026
2026-04-02 04:00:00,0.0,221.0,3683.0,530.0,519.0,1049.0,0.0,4,0.0600054303556883,Low Renewable,Neutral,0.0,Balanced,02-Apr-2026
2026-04-02 05:00:00,0.0,143.0,3819.0,530.0,519.0,1049.0,0.0,5,0.03744435716156062,Low Renewable,Neutral,0.0,Balanced,02-Apr-2026
2026-04-02 06:00:00,0.0,181.0,4183.0,530.0,519.0,1049.0,0.0,6,0.04327038010996892,Low Renewable,Neutral,0.0,Balanced,02-Apr-2026
2026-04-02 07:00:00,83.0,415.0,4599.0,530.0,520.0,1050.0,0.0,7,0.10828440965427266,Low Renewable,Neutral,0.0,Balanced,02-Apr-2026
2026-04-02 08:00:00,267.0,607.0,4810.0,530.0,519.0,1049.0,0.0,8,0.18170478170478171,Low Renewable,Neutral,0.0,Balanced,02-Apr-2026
2026-04-02 09:00:00,410.0,756.0,4693.0,520.0,519.0,1039.0,0.0,9,0.24845514596207116,Low Renewable,Neutral,0.0,Balanced,02-Apr-2026
2026-04-02 10:00:00,670.0,1107.0,4506.0,220.0,448.0,668.0,0.0,10,0.3943630714602752,Medium Renewable,Neutral,0.0,Balanced,02-Apr-2026
2026-04-02 11:00:00,714.0,1624.0,4383.0,0.0,487.0,487.0,0.0,11,0.5334245950262377,Medium Renewable,Neutral,0.0,Balanced,02-Apr-2026
2026-04-02 12:00:00,537.0,2096.0,4485.0,0.0,512.0,512.0,0.0,12,0.5870680044593088,Medium Renewable,Neutral,0.0,Balanced,02-Apr-2026
2026-04-02 13:00:00,522.0,2470.0,4508.0,0.0,519.0,519.0,0.0,13,0.6637089618456078,High Renewable,Neutral,0.0,Balanced,02-Apr-2026
2026-04-02 14:00:00,303.0,2690.0,4635.0,0.0,519.0,519.0,0.0,14,0.6457389428263215,High Renewable,Neutral,0.0,Balanced,02-Apr-2026
2026-04-02 15:00:00,239.0,2824.0,4703.0,0.0,341.0,341.0,0.0,15,0.6512864129279183,High Renewable,Neutral,0.0,Balanced,02-Apr-2026
2026-04-02 16:00:00,151.0,2890.0,4764.0,0.0,36.0,36.0,0.0,16,0.6383291351805206,High Renewable,Neutral,0.0,Balanced,02-Apr-2026
2026-04-02 17:00:00,103.0,2901.0,4879.0,0.0,81.0,81.0,0.0,17,0.6156999385119901,High Renewable,Neutral,0.0,Balanced,02-Apr-2026
2026-04-02 18:00:00,47.0,3034.0,4830.0,0.0,-121.0,-121.0,0.0,18,0.6378881987577639,High Renewable,Neutral,0.0,Balanced,02-Apr-2026
2026-04-02 19:00:00,6.0,3106.0,4778.0,0.0,-199.0,-199.0,0.0,19,0.6513185433235663,High Renewable,Neutral,0.0,Balanced,02-Apr-2026
2026-04-02 20:00:00,2.0,3056.0,4780.0,0.0,-199.0,-199.0,0.0,20,0.6397489539748954,High Renewable,Neutral,0.0,Balanced,02-Apr-2026
2026-04-02 21:00:00,2.0,2938.0,4498.0,0.0,-199.0,-199.0,0.0,21,0.6536238328145842,High Renewable,Neutral,0.0,Balanced,02-Apr-2026
2026-04-02 22:00:00,2.0,3047.0,4124.0,0.0,-199.0,-199.0,0.0,22,0.7393307468477207,High Renewable,Neutral,0.0,Balanced,02-Apr-2026
2026-04-02 23:00:00,2.0,2929.0,3933.0,0.0,-199.0,-199.0,0.0,23,0.7452326468344775,High Renewable,Neutral,0.0,Balanced,02-Apr-2026
2026-04-03 00:00:00,2.0,2880.0,3826.0,0.0,-199.0,-199.0,0.0,0,0.7532671197072661,High Renewable,Neutral,0.0,Balanced,03-Apr-2026
2026-04-03 01:00:00,2.0,2695.0,3676.0,0.0,-151.0,-151.0,0.0,1,0.7336779107725789,High Renewable,Neutral,0.0,Balanced,03-Apr-2026
2026-04-03 02:00:00,2.0,2504.0,3649.0,0.0,71.0,71.0,0.0,2,0.6867634968484516,High Renewable,Neutral,0.0,Balanced,03-Apr-2026
2026-04-03 03:00:00,2.0,2272.0,3571.0,0.0,362.0,362.0,0.0,3,0.6367964155698684,High Renewable,Neutral,0.0,Balanced,03-Apr-2026
2026-04-03 04:00:00,2.0,2427.0,3547.0,12.0,367.0,379.0,0.0,4,0.6848040597688188,High Renewable,Neutral,0.0,Balanced,03-Apr-2026
2026-04-03 05:00:00,2.0,2376.0,3610.0,0.0,320.0,320.0,0.0,5,0.6587257617728531,High Renewable,Neutral,0.0,Balanced,03-Apr-2026
2026-04-03 06:00:00,2.0,2355.0,3938.0,198.0,511.0,709.0,0.0,6,0.5985271711528695,Medium Renewable,Neutral,0.0,Balanced,03-Apr-2026
2026-04-03 07:00:00,31.0,2406.0,4271.0,498.0,519.0,1017.0,0.0,7,0.5705923671271365,Medium Renewable,Neutral,0.0,Balanced,03-Apr-2026
2026-04-03 08:00:00,60.0,2561.0,4541.0,530.0,519.0,1049.0,0.0,8,0.5771856419290905,Medium Renewable,Neutral,0.0,Balanced,03-Apr-2026
2026-04-03 09:00:00,202.0,2317.0,4484.0,530.0,519.0,1049.0,0.0,9,0.5617752007136485,Medium Renewable,Neutral,0.0,Balanced,03-Apr-2026
2026-04-03 10:00:00,265.0,2059.0,4356.0,530.0,518.0,1048.0,0.0,10,0.5335169880624426,Medium Renewable,Neutral,0.0,Balanced,03-Apr-2026
2026-04-03 11:00:00,433.0,1865.0,4130.0,530.0,295.0,825.0,0.0,11,0.5564164648910411,Medium Renewable,Neutral,0.0,Balanced,03-Apr-2026
2026-04-03 12:00:00,442.0,1848.0,4079.0,530.0,1.0,531.0,0.0,12,0.5614121108114734,Medium Renewable,Neutral,0.0,Balanced,03-Apr-2026
2026-04-03 13:00:00,456.0,1869.0,3914.0,530.0,-131.0,399.0,0.0,13,0.5940214614205417,Medium Renewable,Neutral,0.0,Balanced,03-Apr-2026
2026-04-03 14:00:00,388.0,1707.0,3864.0,524.0,70.0,594.0,0.0,14,0.542184265010352,Medium Renewable,Neutral,0.0,Balanced,03-Apr-2026
2026-04-03 15:00:00,443.0,1899.0,3819.0,285.0,-9.0,276.0,0.0,15,0.6132495417648599,High Renewable,Neutral,0.0,Balanced,03-Apr-2026
2026-04-03 16:00:00,419.0,2218.0,3962.0,29.0,111.0,140.0,0.0,16,0.665572942958102,High Renewable,Neutral,0.0,Balanced,03-Apr-2026
2026-04-03 17:00:00,359.0,2234.0,4184.0,234.0,144.0,378.0,0.0,17,0.6197418738049714,High Renewable,Neutral,0.0,Balanced,03-Apr-2026
2026-04-03 18:00:00,163.0,2180.0,4331.0,428.0,218.0,646.0,0.0,18,0.5409836065573771,Medium Renewable,Neutral,0.0,Balanced,03-Apr-2026
2026-04-03 19:00:00,22.0,1613.0,4410.0,530.0,518.0,1048.0,0.0,19,0.3707482993197279,Medium Renewable,Neutral,0.0,Balanced,03-Apr-2026
2026-04-03 20:00:00,2.0,1109.0,4533.0,530.0,520.0,1050.0,0.0,20,0.24509155084932716,Low Renewable,Neutral,0.0,Balanced,03-Apr-2026
2026-04-03 21:00:00,2.0,1018.0,4316.0,530.0,520.0,1050.0,0.0,21,0.23632993512511585,Low Renewable,Neutral,0.0,Balanced,03-Apr-2026
2026-04-03 22:00:00,2.0,708.0,4028.0,530.0,520.0,1050.0,0.0,22,0.176266137040715,Low Renewable,Neutral,0.0,Balanced,03-Apr-2026
2026-04-03 23:00:00,2.0,559.0,3844.0,530.0,521.0,1051.0,0.0,23,0.1459417273673257,Low Renewable,Neutral,0.0,Balanced,03-Apr-2026
2026-04-04 00:00:00,2.0,458.0,3783.0,530.0,519.0,1049.0,0.0,0,0.12159661644197726,Low Renewable,Neutral,0.0,Balanced,04-Apr-2026
2026-04-04 01:00:00,2.0,364.0,3635.0,530.0,521.0,1051.0,0.0,1,0.10068775790921596,Low Renewable,Neutral,0.0,Balanced,04-Apr-2026
2026-04-04 02:00:00,2.0,293.0,3658.0,530.0,520.0,1050.0,0.0,2,0.08064516129032258,Low Renewable,Neutral,0.0,Balanced,04-Apr-2026
2026-04-04 03:00:00,2.0,232.0,3555.0,530.0,520.0,1050.0,0.0,3,0.06582278481012659,Low Renewable,Neutral,0.0,Balanced,04-Apr-2026
2026-04-04 04:00:00,2.0,281.0,3504.0,530.0,521.0,1051.0,0.0,4,0.0807648401826484,Low Renewable,Neutral,0.0,Balanced,04-Apr-2026
2026-04-04 05:00:00,2.0,618.0,3515.0,456.0,520.0,976.0,0.0,5,0.1763869132290185,Low Renewable,Neutral,0.0,Balanced,04-Apr-2026
2026-04-04 06:00:00,2.0,1460.0,3672.0,370.0,520.0,890.0,0.0,6,0.39814814814814814,Medium Renewable,Neutral,0.0,Balanced,04-Apr-2026
2026-04-04 07:00:00,19.0,2039.0,3900.0,70.0,512.0,582.0,0.0,7,0.5276923076923077,Medium Renewable,Neutral,0.0,Balanced,04-Apr-2026
2026-04-04 08:00:00,73.0,2206.0,4180.0,0.0,315.0,315.0,0.0,8,0.5452153110047847,Medium Renewable,Neutral,0.0,Balanced,04-Apr-2026
2026-04-04 09:00:00,121.0,2637.0,4247.0,0.0,101.0,101.0,0.0,9,0.6493995761714151,High Renewable,Neutral,0.0,Balanced,04-Apr-2026
2026-04-04 10:00:00,234.0,3279.0,4341.0,0.0,2.0,2.0,0.0,10,0.8092605390463027,High Renewable,Neutral,0.0,Balanced,04-Apr-2026
2026-04-04 11:00:00,273.0,3330.0,4306.0,0.0,-140.0,-140.0,0.0,11,0.8367394333488156,High Renewable,Neutral,0.0,Balanced,04-Apr-2026
2026-04-04 12:00:00,233.0,3106.0,4276.0,-74.0,72.0,-2.0,0.0,12,0.7808699719363892,High Renewable,Neutral,0.0,Balanced,04-Apr-2026
2026-04-04 13:00:00,206.0,2354.0,4159.0,74.0,374.0,448.0,0.0,13,0.6155325799471026,High Renewable,Neutral,0.0,Balanced,04-Apr-2026
2026-04-04 14:00:00,240.0,2307.0,4166.0,-85.0,521.0,436.0,0.0,14,0.6113778204512722,High Renewable,Neutral,0.0,Balanced,04-Apr-2026
2026-04-04 15:00:00,177.0,2408.0,4223.0,-100.0,502.0,402.0,0.0,15,0.6121240824058726,High Renewable,Neutral,0.0,Balanced,04-Apr-2026
2026-04-04 16:00:00,147.0,2576.0,4350.0,0.0,307.0,307.0,0.0,16,0.6259770114942529,High Renewable,Neutral,0.0,Balanced,04-Apr-2026
2026-04-04 17:00:00,121.0,2580.0,4492.0,0.0,428.0,428.0,0.0,17,0.6012911843276937,High Renewable,Neutral,0.0,Balanced,04-Apr-2026
2026-04-04 18:00:00,121.0,2518.0,4425.0,0.0,445.0,445.0,0.0,18,0.5963841807909604,Medium Renewable,Neutral,0.0,Balanced,04-Apr-2026
2026-04-04 19:00:00,18.0,2596.0,4349.0,0.0,399.0,399.0,0.0,19,0.6010577144171074,High Renewable,Neutral,0.0,Balanced,04-Apr-2026
2026-04-04 20:00:00,1.0,2611.0,4397.0,0.0,397.0,397.0,0.0,20,0.594041391858085,Medium Renewable,Neutral,0.0,Balanced,04-Apr-2026
2026-04-04 21:00:00,2.0,2303.0,4179.0,0.0,496.0,496.0,0.0,21,0.5515673606125867,Medium Renewable,Neutral,0.0,Balanced,04-Apr-2026
2026-04-04 22:00:00,2.0,1902.0,3926.0,0.0,520.0,520.0,0.0,22,0.48497198166072336,Medium Renewable,Neutral,0.0,Balanced,04-Apr-2026
2026-04-04 23:00:00,2.0,1504.0,3557.0,0.0,520.0,520.0,0.0,23,0.4233904976103458,Medium Renewable,Neutral,0.0,Balanced,04-Apr-2026
2026-04-05 00:00:00,2.0,1404.0,3669.0,488.0,520.0,1008.0,0.0,0,0.3832106841101117,Medium Renewable,Neutral,0.0,Balanced,05-Apr-2026
2026-04-05 01:00:00,2.0,1497.0,3563.0,433.0,520.0,953.0,0.0,1,0.42071288240246985,Medium Renewable,Neutral,0.0,Balanced,05-Apr-2026
2026-04-05 02:00:00,2.0,1457.0,3563.0,427.0,521.0,948.0,0.0,2,0.40948638787538594,Medium Renewable,Neutral,0.0,Balanced,05-Apr-2026
2026-04-05 03:00:00,2.0,1306.0,3444.0,462.0,519.0,981.0,0.0,3,0.3797909407665505,Medium Renewable,Neutral,0.0,Balanced,05-Apr-2026
2026-04-05 04:00:00,2.0,1321.0,3402.0,376.0,522.0,898.0,0.0,4,0.3888888888888889,Medium Renewable,Neutral,0.0,Balanced,05-Apr-2026
2026-04-05 05:00:00,2.0,1359.0,3368.0,266.0,520.0,786.0,0.0,5,0.40409738717339666,Medium Renewable,Neutral,0.0,Balanced,05-Apr-2026
2026-04-05 06:00:00,2.0,1462.0,3476.0,308.0,521.0,829.0,0.0,6,0.42117376294591485,Medium Renewable,Neutral,0.0,Balanced,05-Apr-2026
2026-04-05 07:00:00,100.0,1344.0,3604.0,410.0,520.0,930.0,0.0,7,0.40066592674805773,Medium Renewable,Neutral,0.0,Balanced,05-Apr-2026
2026-04-05 08:00:00,312.0,1178.0,3730.0,507.0,520.0,1027.0,0.0,8,0.39946380697050937,Medium Renewable,Neutral,0.0,Balanced,05-Apr-2026
2026-04-05 09:00:00,379.0,1145.0,3754.0,530.0,501.0,1031.0,0.0,9,0.40596696856686204,Medium Renewable,Neutral,0.0,Balanced,05-Apr-2026
2026-04-05 10:00:00,460.0,1052.0,3725.0,530.0,520.0,1050.0,0.0,10,0.4059060402684564,Medium Renewable,Neutral,0.0,Balanced,05-Apr-2026
2026-04-05 11:00:00,467.0,1036.0,3766.0,530.0,520.0,1050.0,0.0,11,0.3990971853425385,Medium Renewable,Neutral,0.0,Balanced,05-Apr-2026
2026-04-05 12:00:00,480.0,1109.0,3854.0,530.0,520.0,1050.0,0.0,12,0.4122989102231448,Medium Renewable,Neutral,0.0,Balanced,05-Apr-2026
2026-04-05 13:00:00,437.0,994.0,3729.0,530.0,520.0,1050.0,0.0,13,0.3837489943684634,Medium Renewable,Neutral,0.0,Balanced,05-Apr-2026
2026-04-05 14:00:00,418.0,920.0,3612.0,530.0,521.0,1051.0,0.0,14,0.3704318936877076,Medium Renewable,Neutral,0.0,Balanced,05-Apr-2026
2026-04-05 15:00:00,439.0,907.0,3575.0,530.0,520.0,1050.0,0.0,15,0.3765034965034965,Medium Renewable,Neutral,0.0,Balanced,05-Apr-2026
2026-04-05 16:00:00,489.0,957.0,3690.0,530.0,521.0,1051.0,0.0,16,0.39186991869918697,Medium Renewable,Neutral,0.0,Balanced,05-Apr-2026
2026-04-05 17:00:00,471.0,1068.0,3824.0,530.0,521.0,1051.0,0.0,17,0.4024581589958159,Medium Renewable,Neutral,0.0,Balanced,05-Apr-2026
2026-04-05 18:00:00,197.0,740.0,3934.0,530.0,520.0,1050.0,0.0,18,0.23817996949669548,Low Renewable,Neutral,0.0,Balanced,05-Apr-2026
2026-04-05 19:00:00,25.0,418.0,4045.0,530.0,452.0,982.0,0.0,19,0.10951792336217553,Low Renewable,Neutral,0.0,Balanced,05-Apr-2026
2026-04-05 20:00:00,1.0,530.0,4181.0,530.0,520.0,1050.0,0.0,20,0.12700310930399425,Low Renewable,Neutral,0.0,Balanced,05-Apr-2026
2026-04-05 21:00:00,2.0,696.0,4034.0,530.0,495.0,1025.0,0.0,21,0.17302925136341102,Low Renewable,Neutral,0.0,Balanced,05-Apr-2026
2026-04-05 22:00:00,2.0,998.0,3808.0,521.0,407.0,928.0,0.0,22,0.26260504201680673,Low Renewable,Neutral,0.0,Balanced,05-Apr-2026
2026-04-05 23:00:00,2.0,1228.0,3648.0,296.0,512.0,808.0,0.0,23,0.3371710526315789,Medium Renewable,Neutral,0.0,Balanced,05-Apr-2026
2026-04-06 00:00:00,2.0,1545.0,3614.0,0.0,521.0,521.0,0.0,0,0.42805755395683454,Medium Renewable,Neutral,0.0,Balanced,06-Apr-2026
2026-04-06 01:00:00,2.0,1904.0,3450.0,0.0,408.0,408.0,0.0,1,0.552463768115942,Medium Renewable,Neutral,0.0,Balanced,06-Apr-2026
2026-04-06 02:00:00,2.0,2190.0,3452.0,0.0,226.0,226.0,0.0,2,0.6349942062572422,High Renewable,Neutral,0.0,Balanced,06-Apr-2026
2026-04-06 03:00:00,2.0,2472.0,3375.0,0.0,-17.0,-17.0,0.0,3,0.733037037037037,High Renewable,Neutral,0.0,Balanced,06-Apr-2026
2026-04-06 04:00:00,2.0,2586.0,3359.0,0.0,-97.0,-97.0,0.0,4,0.770467401012206,High Renewable,Neutral,0.0,Balanced,06-Apr-2026
2026-04-06 05:00:00,2.0,2704.0,3352.0,0.0,-98.0,-98.0,0.0,5,0.8072792362768496,High Renewable,Neutral,0.0,Balanced,06-Apr-2026
2026-04-06 06:00:00,2.0,2851.0,3464.0,-97.0,-96.0,-193.0,0.0,6,0.8236143187066974,High Renewable,Neutral,0.0,Balanced,06-Apr-2026
2026-04-06 07:00:00,34.0,2967.0,3594.0,-100.0,-97.0,-197.0,0.0,7,0.8350027824151364,High Renewable,Neutral,0.0,Balanced,06-Apr-2026
2026-04-06 08:00:00,65.0,3018.0,3811.0,-100.0,-97.0,-197.0,0.0,8,0.8089740225662556,High Renewable,Neutral,0.0,Balanced,06-Apr-2026
2026-04-06 09:00:00,94.0,2999.0,3941.0,-100.0,-96.0,-196.0,0.0,9,0.7848261862471454,High Renewable,Neutral,0.0,Balanced,06-Apr-2026
2026-04-06 10:00:00,89.0,2973.0,4029.0,-52.0,-96.0,-148.0,0.0,10,0.7599900719781584,High Renewable,Neutral,0.0,Balanced,06-Apr-2026
2026-04-06 11:00:00,121.0,2852.0,4000.0,0.0,-97.0,-97.0,0.0,11,0.74325,High Renewable,Neutral,0.0,Balanced,06-Apr-2026
2026-04-06 12:00:00,130.0,2911.0,4029.0,0.0,-97.0,-97.0,0.0,12,0.7547778605112931,High Renewable,Neutral,0.0,Balanced,06-Apr-2026
2026-04-06 13:00:00,191.0,2863.0,3926.0,0.0,-97.0,-97.0,0.0,13,0.7778909831889964,High Renewable,Neutral,0.0,Balanced,06-Apr-2026
2026-04-06 14:00:00,319.0,2616.0,3865.0,-79.0,-97.0,-176.0,0.0,14,0.759379042690815,High Renewable,Neutral,0.0,Balanced,06-Apr-2026
2026-04-06 15:00:00,357.0,2527.0,3843.0,-85.0,-97.0,-182.0,0.0,15,0.7504553734061931,High Renewable,Neutral,0.0,Balanced,06-Apr-2026
2026-04-06 16:00:00,305.0,2641.0,3946.0,-97.0,-97.0,-194.0,0.0,16,0.7465788139888495,High Renewable,Neutral,0.0,Balanced,06-Apr-2026
2026-04-06 17:00:00,292.0,2878.0,4131.0,-100.0,-97.0,-197.0,0.0,17,0.7673686758654079,High Renewable,Neutral,0.0,Balanced,06-Apr-2026
2026-04-06 18:00:00,101.0,2929.0,4197.0,0.0,-97.0,-97.0,0.0,18,0.7219442458899213,High Renewable,Neutral,0.0,Balanced,06-Apr-2026
2026-04-06 19:00:00,30.0,2930.0,4223.0,0.0,-97.0,-97.0,0.0,19,0.7009235140895098,High Renewable,Neutral,0.0,Balanced,06-Apr-2026
2026-04-06 20:00:00,1.0,2974.0,4333.0,0.0,-77.0,-77.0,0.0,20,0.6865912762520194,High Renewable,Neutral,0.0,Balanced,06-Apr-2026
2026-04-06 21:00:00,2.0,2841.0,4073.0,0.0,43.0,43.0,0.0,21,0.6980112938865701,High Renewable,Neutral,0.0,Balanced,06-Apr-2026
2026-04-06 22:00:00,2.0,2680.0,3802.0,0.0,-99.0,-99.0,0.0,22,0.70541820094687,High Renewable,Neutral,0.0,Balanced,06-Apr-2026
2026-04-06 23:00:00,2.0,2556.0,3585.0,,,,0.0,23,0.7135285913528592,High Renewable,Neutral,0.0,Balanced,06-Apr-2026
